4;CONOS DE GUTAPERCHA 2ª SERIE 45/80 DENTSPLY;2
6;PROTAMINA 1000 (5.000 UI/5 ml) Uso Institucional;1
8;HOJA LARINGO. FIBRA OPTICA RECTA num 0 68060 W.A.;NULL
9;CABESTRILLO INMOV. HOMBRO KM2102 INFANTIL;NULL
10;CURETA CORTANTE num 1 DIMEDA;NULL
12;ALGODONERA EN ACERO (17.5 x 16.5) ACERQUIRURGICOS;NULL
17;TIJERA METZEMBAUM RECTA 18 cm REF 08.280.18 DIMEDA;NULL
18;MALLA ASBESTO 12 x 12 cm;NULL
20;AGUJA DESECHABLE  18 x 1 RYMCO;2
23;"MICROPORE C/PIEL 1"" x 12 UND. REF 1533-1";2
29;TAPON EMERGENCIA CAUCHO 1010 ALL AMERICA;3
30;ORAZOLE I.V. 40 mg. Uso Institucional (Omeprazol);1
36;JERINGA RYMCO  2 ml 23 x 1.5  2Partes;2
38;LOCION MENTOLADA LAGE x 350 mL JGB;1
40;AGUJA HERNIA 231 num 2 (liq) PAQUETE x 12 Unid;7
41;BUPIVACAINA 0.5% C/EPINEF. x 24 AMP/10 ml;1
42;JERINGA B.D  3 ml 22 x 1 1/4 3 Partes 302541;7
44;CATETER SONDA LEVIN num 22 MEDITEC (Nasogastrica);2
45;ESPEJO LARINGEO num 7  DIMEDA REF 52.270.24;NULL
46;ESPEJO LARINGEO num 8  DIMEDA REF 52.270.26;NULL
47;ESPEJO LARINGEO num 6  DIMEDA REF 52.270.22;NULL
51;AGUJA DESECHABLE  19 x 1.5 RYMCO;2
52;ATROPINA 1 mg/1 ml x 25 AMP. ECAR;1
53;ESPEJO LARINGEO num 9  DIMEDA REF 52.270.28;NULL
54;BANDEJA EN ACERO (10 x 20) ACERQUIRURGICOS;NULL
57;LOSETA DE VIDRIO;NULL
58;NIVEA FOR MEN ESPUMA SENSITIVE x 200 ml;5
62;ALGODON NEW STETIC x 454 g (Liq);NULL
63;SILDENAFIL  50 mg x 4 TAB. GENFAR;1
64;JERINGA RYMCO  5 ml 23 x 1.5  2Partes;2
66;CANULA OXIGENO ADULTO 7 mt WESTMED REF:0195;NULL
67;ACACIA DE LA INDIA;3
68;"ACEITE DE RICINO x 30 ml ""PRODROGAS""";3
69;VASELINA LIQUIDA x 500 ml SAN JORGE;NULL
70;ACTILYSE 50 mg RTPA. (Activador tisular, alteplase) BOEHRINGER Uso Institucional.;1
72;ZARZA PARRILLA OSCURA - DON DINERO 500 ML;3
73;CREOLINA x 450 ml PRODROGAS;3
74;FORMOL x 480 ml SAN JORGE (37%);NULL
80;ZARZA PARRILLA VERDE - DON DINERO 500 ML;3
81;SAHUMERIO DON DINERO;3
85;VASELINA SOLIDA USP X 450 g;3
86;TINTURA DE YODO NEGRO x 30 ml;3
87;TINTURA DE YODO NEGRO x 450 ml;3
88;BRONCOPEC JARABE x 120 ml;1
90;HEPATON x 120 ml;1
91;MIEL DE ROSAS x 30 ml;3
96;MOBIC 15 mg x 10 TAB. Uso UROCCIDENTE;1
97;TINTURA DE BENJUI x 500 ml;3
104;GASTROFULL SUSPENSION x 350 ml;1
107;ESPEJO LARINGEO num 1 DIMEDA REF 52.270.12;NULL
112;TAPON IN B.BRAUN;NULL
113;PINZA P.ROCHESTER CURVA 22 cm DIMEDA;NULL
118;ACEITE ALMENDRAS x 60 ml;3
122;"LEUKOPLAST 1/2"" x 1 x 24  ROLLOS";7
123;"LEUKOPLAST 1"" x 1 x 12 ROLLOS";7
124;"LEUKOPLAST 1/2"" x 5 Carreto";7
125;"LEUKOPLAST 1"" x 5 Carreto";7
126;"LEUKOPLAST 2"" x 5";7
127;"LEUKOPLAST 3"" x 5";7
128;"LEUKOPLAST 4"" x 5";7
129;LEUKOPLAST TIPO HOSPITAL x 5 ROLLOS REF. 7112200;7
131;LAMINA BOERNER x 12 ANILLOS;NULL
135;AGUJA SUTURA SURTIDA;3
137;MONOCRYL PLUS MCP427H num 3/0 PS2 Plastica x 70 CM. Antibacterial;7
140;CURA STANDARD TRANSPARENTE x 100 UND. HANSAPLAST;2
141;TUBO DE WINTROBE;NULL
147;CAPROFYL CF122T num 3/0 SH x 70 CM Gastrointest. (=G122T CATGUT CRO num 3/0);NULL
160;KOLA GRANULADA FRESA x 135 g;9
161;CATETER SONDA SUCCION num  8 MEDITEC;2
162;CATETER SONDA PARA TORAX num 40 MEDITEC;2
164;CATGUT CROMADO 923T num 2/0 CT1 x 90 CM Ginecologia;7
166;CATETER SONDA SUCCION num 12 MEDITEC;2
168;AGUA ESTERIL (Agua Destilada) x 500 ml FRASCO QUIBI;1
171;JERINGA RYMCO  1 ml 22 x 1 1/4  3Partes;2
176;"TRANSPORE 1/2"" x 24 UND REF 1527-0";2
177;"TRANSPORE 1"" x 12 UND REF. 1527-1";2
178;"TRANSPORE 2"" x 6 UND REF. 1527-2";7
179;"TRANSPORE 3"" x 4 UND.";2
180;"MICROPORE BLANCO 1/2"" x 24 UND REF. 1530-0";2
181;"MICROPORE BLANCO 1"" x 12 UND REF. 1530-1";2
182;"MICROPORE BLANCO 2"" x 6 UND REF 1530-2";2
183;"MICROPORE BLANCO 3"" x 4 UND REF. 1530-3";2
184;CINTA AUTOCLAVE 1322 3M CONTROL VAPOR (18 mm x 50 mts) (antes 1222);2
185;OPTICLUDE ADULTO x 20 UND.;7
186;MESTINON 60 mg x 20 TAB. Uso Institucional (Piridostigmina Bromu);1
188;INMOVILIZADOR RODILLA LIGAMENTO CRUZADO M;NULL
190;INMOVILIZADOR RODILLA LIGAMENTO CRUZADO L;NULL
192;RODILLERA ARTICULADA -L- MACLO;NULL
197;JERINGA PRECISION  3 ml 21 x 1.5 3 Pts ROSCA;7
200;PATO ORINAL EN ACERO ACERQUIRURGICOS;NULL
201;ESPEJO LARINGEO num 5  DIMEDA REF 52.270.20;NULL
203;"INTROCAN SAFETY G-22 x 1"" 4251628 425251904";7
207;ADAPTADOR TENSIOM. OMRON HEM-ADPTW5.;NULL
208;ACRILICO LIQ. AUTO.VERACRIL x 250 ml NEW STETIC;NULL
211;ISOCONAZOL SOLUCION 1% x 20 ml GENFAR;1
212;ESPEJO LARINGEO num 4  DIMEDA REF 52.270.18;NULL
219;ANILLO TYCOS PEDIATRICO P/CAMP. 5079-182;NULL
226;SULFAPLATA CREMA x  30 g;1
228;MARTILLO REFLEJOS BUCK PAKISTANI;NULL
229;ESPEJO LARINGEO num 3  DIMEDA REF 52.270.16;NULL
232;HOJA LARINGO. FIBRA OPTICA RECTA num 1 68061 W.A.;7
234;DUODERM CGF 7644 20 cm x 30 cm x 5 UND.;7
235;TENSIOM. DURASHOCK ADULTO DS44-11 BRAZALETE FLEXIPORT;7
236;DIVAN EXAMEN DOMETAL 141-00;3
237;MESA DE MAYO PINTADA 181-25;3
242;PROTECTORES PARA TERMOMETRO MC-510 x 40 Unid.;NULL
243;KIT GLUCOMETER FACIL CON TIRILLAS;NULL
247;ESPECULO VAGINAL PEQUEÑO REF 70.110.01 DIMEDA;NULL
252;BETAMETASONA UNGUENTO x 40 g GENFAR;1
257;"GASA PRECORTADA (Tejida) 3"" x 3"" x 200 UND. SUPERTEX (8 Pliegues)";NULL
258;CUELLO TIPO PHILADELFIA -L- KM057;NULL
261;APLICADORES ALGODON (INT.20) x 1000 PRODEMA;7
263;APLICADORES x 20 ADULTO PRODEMA;7
265;BAJALENGUAS x 500 GRANEL KENNEDY/PRODEMA;3
266;BAJALENGUAS x 500 (INT. 20) KENNEDY/PRODEMA;3
267;BAJALENGUAS x 20 ADULTO PRODEMA;3
269;ESTUFA DE CERAMICA 25 x 25 cm;3
274;NOSOTRAS INVISIBLE RAPIGEL P.10 LL.12;5
282;CANULA OXIGENO PEDIATRICA MEDITEC;2
283;FURACIN POMADA x 500 g Uso Institucional (Nitrofurazona);1
284;INDICADOR QUIM. COMPLY 1251 GAS x 480 TIRILLAS;2
285;CATETER SONDA NELATON num 22 MEDITEC (Vesical-Uretral);2
292;TEGADERM 1626W 10 cm x 12 cm;2
297;TENSIOM. WELCRO PEDIAT. JAPONES ALPK2 REF: 500C;NULL
300;CATETER SONDA SUCCION num 14 MEDITEC;2
302;AMARYL M 2/500 mg x 30 TAB.;1
309;AMBRAMICINA 500 mg x 240 CAP.;1
311;ph5- EUCERIN POMADA REGENERADORA x 100 ml;5
313;"MICROPORE C/PIEL 2"" x 6 UND REF. 1533-2";2
315;URBADAN 10 mg x 20 COMP.;1
323;TINTURA DE BENJUI x 30 ml;3
324;CATETER CERTOFIX MONO V 320 VENOSO CENTRAL (16 G);NULL
326;AGUJA MESOTERAPIA num 27 RYMCO x 4 mm;2
328;BOLSA AGUA CALIENTE C/ACC. ETERNA;7
329;BOLSA PARA HIELO ETERNA;NULL
336;DUCHA INTIMA ETERNA;NULL
337;AGUJA DESECHABLE  14 x 1 RYMCO;2
339;GUANTE USO DOMESTICO num 7;NULL
340;GUANTE USO DOMESTICO num 7.5;NULL
357;GUANTE INDUSTRIAL CAL:40 T.10;NULL
358;MASCARA OXIGENO ADULTO MEDITEC;2
363;SULFAPLATA CREMA x  60 g Uso Institucional;1
374;TUBO EN T. num 10 MEDITEC (SONDA);2
378;SACALECHE VIDRIO RICHARD;NULL
379;"BOLSA COLOSTOMIA 2"" x 10 MEDITEC";2
380;"BOLSA COLOSTOMIA 2.5"" x 10 MEDITEC";2
381;"BOLSA COLOSTOMIA 3"" x 10 MEDITEC";2
382;DIAFRAGMA INFANTE 36561 3M;NULL
383;AGUJA MESOTERAPIA num 30 RYMCO;2
385;ACETAMINOFEN JARABE x 60 ml PENTACOOP;1
387;TUBO EN T. num 12 MEDITEC (SONDA);2
388;TUBO EN T. num 14 MEDITEC (SONDA);2
389;TUBO EN T. num 16 MEDITEC (SONDA);2
390;TUBO EN T. num 18 MEDITEC (SONDA);2
391;MASCARA OXIGENO PED. MEDITEC;2
392;TIRAS METALICAS SUNSHINE x 12 PULIR AMALGAMA;NULL
394;CATETER SONDA NELATON num  6 MEDITEC (Vesical-Uretral);2
395;CATETER SONDA RECTAL num 22 MEDITEC;2
397;CATETER SONDA RECTAL num 26 MEDITEC;2
399;CATETER SONDA RECTAL num 32 MEDITEC;2
403;CRONOMETRO;NULL
405;BOMBILLO OFTALMOSCOPIO W.A. 03000 3.5V;NULL
408;CATETER SONDA NELATON num 12 MEDITEC (Vesical-Uretral);2
409;CATETER SONDA NELATON num 14 MEDITEC (Vesical-Uretral);2
410;CATETER SONDA NELATON num 16 MEDITEC (Vesical-Uretral);2
411;CATETER SONDA NELATON num 18 MEDITEC (Vesical-Uretral);2
412;CATETER SONDA NELATON num 20 MEDITEC (Vesical-Uretral);2
422;CATETER SONDA PARA TORAX num 26 MEDITEC;2
429;CATETER SONDA LEVIN num  6 MEDITEC (Nasogastrica);2
430;CATETER SONDA LEVIN num  8 MEDITEC (Nasogastrica) 85cm;2
431;CATETER SONDA LEVIN num 12 MEDITEC (Nasogastrica) 85 cm;2
432;CATETER SONDA LEVIN num 14 MEDITEC (Nasogastrica);2
433;CATETER SONDA LEVIN num 16 MEDITEC (Nasogastrica);2
434;CATETER SONDA LEVIN num 18 MEDITEC (Nasogastrica);2
435;"MICROPORE C/PIEL 1/2"" x 3 YD";NULL
438;BRAZALETE NIÑOS 4 cm ALPK2;NULL
440;JERINGA RYMCO  1 ml 25 x 5/8 TUBERCULINA;2
441;BOMBILLO OTOSCOPIO W.A. 03100 3.5V;NULL
442;"JERINGA RYMCO INSULINA (1 ml) UI 100 27 x 1/2""";2
444;CATETER SONDA SUCCION num 16 MEDITEC;2
445;AGUJA DESECHABLE  19 x 1 RYMCO;2
448;FONENDO. LITTMANN PEDIATRICO NEGRO 2113;7
449;JERINGA RYMCO  5 ml 21 x 1.5  3Partes LOCK;2
456;CANULA DE GUEDEL num 0 MEDITEC;2
458;BALON PARA ANESTESIA 2.0 lt Sin Valvula Caucho Latex Gris/Amarillo L.M;NULL
459;BALON PARA ANESTESIA 3.0 lt Sin Valvula Caucho Latex Gris L.M;NULL
461;OSMOCLEAR GOTAS x 15 ml OPHARM (Nafazolina Clorhidrato 0.05%);1
463;JERINGA RYMCO  2 ml 21 x 1.5  2Partes;2
464;JERINGA RYMCO  2 ml 22 x 1  2 Partes;2
465;JERINGA RYMCO  2 ml 22 x 1.5  2Partes;2
466;JERINGA RYMCO  2 ml 23 x 1  2 Partes;2
467;JERINGA RYMCO  5 ml 22 x 1.5  2Partes;2
468;JERINGA RYMCO  5 ml 23 x 1  2 Partes;2
469;JERINGA RYMCO  5 ml 21 x 1.5  2 Partes LOCK;2
470;JERINGA RYMCO 10 ml 22 x 1.5  2 Partes LISA;2
471;JERINGA RYMCO 10 ml 21 x 1.5  2 Partes LOCK;2
472;COAPROVEL 300/25 mg x 14 TAB.;1
473;AGUJA DESECHABLE  18 x 1.5 RYMCO;2
474;AGUJA DESECHABLE  21 x 1.5 RYMCO;2
475;AGUJA DESECHABLE  22 x 1.5 RYMCO;2
476;AGUJA DESECHABLE  22 x 1 RYMCO;2
477;CATETER EPICUTANEO VYGON 24G (2Fr) REF. 2184.00;7
478;COAPROVEL 300/25 mg x 28 TAB.;1
480;COAPROVEL 150/12.5 mg x 28 TAB.;1
483;JERINGA PARA CAUCHO;NULL
487;MASCARA AEROSOLTERAPIA ADU. HUDSON 1083;NULL
488;REPUESTO LIQ. VITREMER x 8 ml 3303L 3M;NULL
489;PLATON PEQUEÑA CIRUGIA 32 x 7 cm ACERQUIRURGICOS;NULL
491;JERINGA RYMCO  5 ml 22 x 1  2 Partes;2
492;AGUJA DESECHABLE  23 x 1 RYMCO;2
493;AGUJA DESECHABLE  26 x 1/2 RYMCO;2
494;AGUJA DESECHABLE  20 x 1.5 RYMCO;2
495;CATETER SONDA NELATON num  8 MEDITEC (Vesical-Uretral);2
496;CATETER SONDA NELATON num 10 MEDITEC (Vesical-Uretral);2
497;CATETER SONDA LEVIN num 10 MEDITEC (Nasogastrica);2
498;COAPROVEL 300/12.5 mg x 28 TAB.;1
503;AGUJA DESECHABLE  25 x 1 RYMCO;2
504;CLEXANE 20 mg x 2 JER. (Enoxaparina);1
506;AGUJA DESECHABLE  20 x 1 RYMCO;2
509;TIJERA CIRUGIA RECTA 14.5 cm;NULL
510;TIJERA CIRUGIA CURVA 20 cm;NULL
511;TIJERA CIRUGIA RECTA 20 cm;NULL
512;TIJERA EPISIOTOMIA 22 cm REF 03302847;NULL
514;TIJERA LITAUER PUNTOS 14 cm;NULL
515;TIJERA MAYO RECTA 14.5 cm;NULL
516;TIJERA MAYO CURVA 14.5 cm;NULL
518;CLEXANE 40 mg x 2 JER. (Enoxaparina);1
519;TIJERA METZEMBAUM RECTA 18 cm;NULL
520;TIJERA METZEMBAUM CURVA 18 cm;NULL
521;TIJERA METZEMBAUM RECTA 14.5 cm;NULL
522;TIJERA METZEMBAUM RECTA 20 cm;NULL
523;CLEXANE 60 mg x 2 JER. (Enoxaparina);1
524;TIJERA IRIS RECTA 11 cm;NULL
525;TIJERA SPENCER;NULL
526;PINZA ALLYS 15 cm;NULL
527;RIÑONERA ACERO num 2 (23 x 09 x 04) ACERQUIRURGICOS;NULL
528;PINZA ALLYS 20 cm;NULL
529;PINZA BABCOCK 16 cm;NULL
530;PINZA BOZZEMANN 25 cm;NULL
531;PINZA CAMPO BACKAUS 13.5 CM;NULL
532;PINZA CAMPO JONES 9 cm REF 03301680;NULL
533;PINZA DAVIS 16 cm;NULL
534;PINZA DAVIS 20 cm;NULL
535;PINZA DISECCION SIN GARRA 14.5 cm;NULL
536;PINZA DISECCION CON GARRA 14.5 cm REF. 03301730;NULL
537;PINZA DISECCION SIN GARRA 20 cm;NULL
538;PINZA DISECCION CON GARRA 20 cm;NULL
539;PINZA FOESTER (o de corazon) 24 cm;NULL
540;PINZA ALLYS 18 cm;NULL
541;PINZA KELLY RECTA 14.5 cm;NULL
543;PINZA KELLY CURVA 14.5 cm;NULL
546;PINZA KOCHER CURVA 14.5 cm;NULL
547;PINZA ROCHER RECTA 14.5 cm;NULL
548;PINZA KELLY RECTA 20 cm REF 03301862;NULL
549;TERBUROP GOTAS 1% x 10 ml (Terbutalina);1
550;PINZA MAGUILL 20 cm DIMEDA 04.190.20;NULL
551;PINZA MOSQUITO RECTA 12.5 cm;NULL
552;PINZA MOSQUITO CURVA 12.5 cm;NULL
554;PINZA P. ROCHESTER RECTA 14.5 cm;NULL
556;PINZA P. ROCHESTER CURVA 14.5 cm;NULL
558;PINZA P. ROCHESTER RECTA 20 cm;NULL
559;PINZA SCHOROEDER 25 cm;NULL
568;PINZA ADSON CON GARRA 12 cm;NULL
569;PINZA ADSON SIN GARRA 12 cm;NULL
570;PLITICAN 50 mg x 5 AMP.;1
571;PINZA DAVIS 25 cm;NULL
572;PRISMA GLOSS x 5 g DENTSPLY (Pasta para Brillar);2
573;ESCALA -1- PASO PINTADA;3
574;CURETA NOVAK 23 cm DIMEDA 70.592.04;NULL
575;PORTA AGUJAS 12 cm;NULL
577;PORTA AGUJAS 14.5 cm;NULL
578;PORTA AGUJAS 18 cm;NULL
579;PORTA AGUJAS 20 cm;NULL
580;CREOLINA x 30 ml PRODROGAS;3
581;SEPARADOR FARABEUF 15 cm;NULL
582;SEPARADOR SENN PUNTA ROMA 17 cm DIMEDA CAT 18.161.17;NULL
583;SONDA ACANALADA 14 cm;NULL
584;ALGINATO KROMALGIN x 453 g NEW STETIC;NULL
585;JERINGA METALICA LAVADO DE OIDOS;NULL
587;"SPINOCAN G-25 x 3 1/2""";NULL
588;THERALITE 300 mg x 50 TAB. (Carbonato de Litio);1
590;RODILLERA ESTABILIZADORA -XL- 18738;NULL
591;"CIRU-DREN 1/4"" Sistema drenaje heridas";NULL
596;ASEPTIDINA 3% JABON QUIRURGICO 3785 ML (Clorhexidina);1
599;CAMARA TENSIOM. JAPONES ADULTO 2 SALIDAS;NULL
601;BRAZALETE NIÑOS 6 cm ALPK2;NULL
602;PERA TENSIOMETRO C/VALVULA ALPK2 JAPONES;NULL
604;VALIUM 10 mg/2MLx 50 AMP. (Diazepam);1
605;ESPEJO LARINGEO num 2  DIMEDA REF 52.270.14;NULL
606;FONENDO. JAPONES ADULTO 2 SERVICIOS REF. FT801;NULL
607;"SPINOCAN G-18 x 3 1/2"" REF. 4501390";NULL
609;BOMBILLO RIESTER 10424 OFTALMOSCOPIO;NULL
610;CARTILLA EXAMEN VISUAL PEDIATRICA;NULL
613;OLIVA PARA FONENDOSCOPIO JAPONES UND;NULL
614;OLIVAS BLANDAS 5079-170 PAR (366) TYCOS;7
616;JERINGA ASEPTO DESECHABLE (IRRIGACIÓN/BULBO 60 cc) REF 7-6614-02;NULL
620;AGUJA HERNIA 231 num 1 (liq);2
623;"ACETAMINOFEN 500 MG CAJA X 100 TABLETAS ""Uso Institucional"" GENFAR";1
625;AGUJA PARA DISECCION;NULL
627;PINZA SCHOROEDER 24 cm REF 70.502.25 DIMEDA;NULL
628;APLICADORES ALGODON (INT.100 X 10 SOB) x 1000 PRODEMA;7
629;CURETA UTERINA ROMA num 4, 5, 6;NULL
630;JUEGO DILATADOR UTERINO x 8;NULL
631;ESPECULO NASAL HARTMAN PAKISTANI;NULL
632;ESPECULO VAGINAL GRAVE PEQUEÑO;NULL
633;ESPECULO VAGINAL GRAVE MEDIANO;NULL
634;ESPECULO VAGINAL GRAVE GRANDE;NULL
635;ESPEJO LARINGEO num10  DIMEDA REF 52.270.30;NULL
636;MANGO ESPEJO LARINGEO DIMEDA REF 52.276.10;NULL
638;HISTEROMETRO RIGIDO GRADUADO 32 cm DIMEDA REF 70.580.32;NULL
639;MANGO PARA BISTURI No. 3 Hospital;NULL
640;MANGO PARA BISTURI No. 4 Hospital;NULL
642;FLEBOEXTRACTOR DIMEDA 20.150.00;NULL
643;TIJERA EPISIOTOMIA 14.5 cm DIMEDA;NULL
646;CAMARA NEWBAUER BOECO;NULL
650;CENTRIFUGA CLAY ADAMS x  6 TUBOS;NULL
653;NOSOTRAS NORMAL TELA x 10 UND. 40020;5
654;"SPINOCAN G-22 x 3 1/2"" 4507908";NULL
658;GRADILLA BAÑO SEROLOGICO 24 PERFORACIONES;NULL
659;MEROPENEM 1 g VITALIS.;1
663;PAX NOCHE PANELA x  6 SOB.;1
666;PAX NOCHE LIMON x  6 SOB.;1
668;SEPARADOR FARABEUF 12 cm JUEGO 2 PIEZAS CAT 18.102.12 DIMEDA;NULL
669;SEPARADOR FARABEUF 15 cm JUEGO 2 PIEZAS CAT 18.102.15 DIMEDA;NULL
670;PAX DIA x  6 SOB.;1
671;LACTACYD FEMINA x 200 ml;5
676;MANOMETRO (RELOJ) P/TENSIOMETRO JAPONES  ALPK2 REF: 500M;NULL
679;ESTUCHE PARA PEQUEÑA CIRUGIA CON INSTRUMENTAL;7
680;CEPILLO FLUOCARDENT FLEXIBLE NIÑOS;7
681;"LEUKOPLAST 1/2"" x 5 TARJETA";7
683;"LEUKOPLAST 1"" x 5 TARJETA";7
686;CARRO P/CILINDRO OXIGENO DOMETAL 121-02;3
688;SOLUCION DE RINGER x 500 ml ARB2303;1
691;"MICROPORE C/PIEL 1"" x 3 YD";NULL
693;PORTA AGUJAS 20 cm REF 24.180.20 DIMEDA;NULL
695;CAJA PETRI PLASTICA 90 x 13 mm x 20 UND.;NULL
700;LAMINA 12 ANILLOS AGLUTINACION;NULL
701;LAMINA 12 CAVIDADES EXCAVADAS;NULL
702;REVELADOR PLACA BACTERIANA x 10 ml PROQUIDENT;NULL
704;LAMINA DE CUARZO x 10 UND. MENZEL 20 x 26 MM;NULL
705;ZAPATON PARA YESO num 40;NULL
706;BOLSA UROSTOMIA 402550 45 mm x 10 UND.;NULL
707;PIPETA SEROLOGICA  0.1 en 1/1000;NULL
708;PIPETA SEROLOGICA  0.2 en 1/1000;NULL
709;PIPETA SEROLOGICA  1 cc 1/10;NULL
710;PIPETA SEROLOGICA  2 cc 1/10;NULL
711;PIPETA SEROLOGICA  2 cc 1/100;NULL
712;PIPETA SEROLOGICA  5 cc 1/10;NULL
713;PIPETA SEROLOGICA 10 cc 1/10;NULL
714;PIPETA SEROLOGICA 25 cc 1/10;NULL
715;PIPETA SEROLOGICA WESTERGREEN (300mm);NULL
717;SURECAN ALAS G-22 x 15 mm REF 04448383;NULL
719;"ESPECULO NASAL ""KILLIAN"" num 2 DIMEDA CAT:46.120.50";NULL
720;JERINGA RYMCO  3 ml 21 x 1.5  3Partes LOCK;2
721;CATETER SONDA NELATON num 10 SHERLEG 1171;NULL
723;PIPETA PARA GLOBULOS ROJOS;NULL
724;PIPETA PARA GLOBULOS BLANCOS;NULL
725;PIPETA PARA HEMOGLOBINA;NULL
729;INDICADOR BIOLOG. ATTEST 1262 VAPOR x 100 UND.;2
730;TINTURA DE ARNICA x 30 ml;3
734;PAPEL FILTRO  7 cm x 100 HOJAS;NULL
735;PAPEL FILTRO  9 cm x 100 HOJAS;NULL
737;PIPETA SEROLOGICA  1 cc 1/100;NULL
738;PAPEL FILTRO 11 cm x 100 HOJAS;NULL
739;PAPEL FILTRO 12.5 cm x 100 HOJAS;NULL
740;PAPEL FILTRO 15 cm x 100 HOJAS;NULL
741;PAPEL FILTRO 18.5 cm x 100 HOJAS;NULL
742;NOSOTRAS MATERNIDAD TELA x 10 UND.;5
743;PAPEL LENTE JAPONES x 50 HOJAS MN;NULL
744;PAPEL INDICADOR PH 1-14 ROLLO x 5 mt MN REF 90204;NULL
747;LANCETAS DESECHABLES x 200 UND. MEDIPOINT;NULL
749;LACTINOSOTRAS x 40 PROTECTORES 44016;5
750;CATETER SONDA FOLEY 3 VIAS num 22 WRP;NULL
754;PROBETA GRADUADA 1000 ml;3
755;CLORHEXOL ENJUAGUE BUCAL x 180 ml (Clorhexidina);1
759;TERMOMETRO QUIMICO  -20º a 150º;NULL
762;TERMOMETRO QUIMICO  -10º a 310º;NULL
764;PROFENID CE 100 mg x 30 COMP.;1
767;URODENSIMETRO CON PROBETA;NULL
769;LACTODENSIMETRO SIN TERMOMETRO;NULL
770;ANESTESIA TOPICA GARHOCAINA 20% x 30 gr SABOR MELOCOTON;1
772;MECHERO METALICO PARA ALCOHOL;NULL
775;OSMORIN 20% x 500 ml ARD5633 (MANITOL);1
776;AGUJA LLENAR HEMATOCRITO JAPAN;NULL
777;PLASTILINA SELLAR HEMATOCRITOS x UND BRAND;3
778;ASA EN FERRONIQUEL BACTERIOLOGIA;NULL
781;CLORURO DE POTASIO x 10 ml ROPSOHN 2mEq/ml (K-TROL);1
782;GRADILLA SEDIMENTACION 3 PERFORACIONES;NULL
783;CANASTILLA 12 cm x 12 cm;NULL
785;ESCOBILLON num 1 TUBO ENSAYO;NULL
786;ESCOBILLON num 2 PIPETA;NULL
787;MALLA PROLENE Mesh 15 x 15 cm PMH1 (POLIPROPILENO);7
788;BOMBILLO OFTALMOSCOPIO W.A. 03300 2.5V (=02800);NULL
789;INMOVILIZADOR HOMBRO -S- MACLO;NULL
791;CAJA ACRILICO P/LAMINA PORTA x 50;NULL
793;SOLUCION SALINA NORMAL 0.9% x 250 ml ARB1322 BAXTER;1
796;"VENDA ELASTICA SUPERTEX 5"" x 5 yd";NULL
797;ESPATULA CON MANGO 10 cm;NULL
806;CLORURO DE SODIO x 10 ml ROPSOHN 2mEq/ml (Na-TROL);1
809;ESCOBILLON num 3 BURETA 04401852;NULL
812;HOJA LARINGO. FIBRA OPTICA CURVA num 1 69061 W.A.;7
815;HOJA LARINGO. FIBRA OPTICA CURVA num 2 69062 W.A.;7
816;HOJA LARINGO. FIBRA OPTICA CURVA num 3 69063 W.A.;7
822;MESA DE MAYO CROMADA 182-25;3
825;FONENDO. LITTMANN PEDIATRICO ROJO 2113R;2
840;PERISAFE I. G-18 B.D REF:405066 (Aguja Touhy);7
849;PINZA HEANY 20 cm REF. 12.593.20 DIMEDA;NULL
851;PLACA PACIENTE 1149 ADU. x 25 UND. 3M (Unipolar);2
856;SACA FRESAS -NSK- MINI;NULL
860;AGUJA DESECHABLE 30 x 1/2 B.D 305107;NULL
864;GLUCERNA LPC x 1.5 LT Uso Institucional;4
868;HOJAS BISTURI num 10 PARAMOUNT;NULL
869;HOJAS BISTURI num 11 PARAMOUNT;NULL
870;HOJAS BISTURI num 12 PARAMOUNT;NULL
871;HOJAS BISTURI num 15 PARAMOUNT;NULL
872;HOJAS BISTURI num 20 PARAMOUNT;NULL
873;HOJAS BISTURI num 21 PARAMOUNT;NULL
874;HOJAS BISTURI num 22 PARAMOUNT;NULL
875;HOJAS BISTURI num 23 PARAMOUNT;NULL
876;HOJAS BISTURI num 24 PARAMOUNT;NULL
877;BEAKER 10 ml (Vaso de Precipitado Forma Baja);3
879;LENTULO x 4 UND. en 25 mm MAILLEFER;2
884;BEAKER 800 ml (Vaso de Precipitado Forma Baja);3
885;BEAKER 1000 ml (Vaso de Precipitado Forma Baja);3
887;VIDRIO RELOJ 80 mm;3
888;"INTROCAN SAFETY G-18 x 1 1/4"" 4251687-04 4252560-04";7
889;PORTA AGUJAS 16 cm REF 24.180.16 DIMEDA;NULL
890;AGUJA DESECHABLE  28 x 1/2 RYMCO;2
895;MACROGOTEO C/B RYMCO S/A Ref: ZD1PYA;2
896;TERBUROP 2.5 mg x 30 TABLETAS (Terbutalina);1
899;CANULA TRAQUEOSTOMIA CON BALON num 8.0 SUN MED;7
900;CATETER SONDA ALIMENTACION num  4 MEDITEC;2
903;JERINGA RYMCO 10 ml 21 x 1  2 Partes;2
911;RESU. AMBU ADULTOS;NULL
912;EMBUDO VASTAGO CORTO DE VIDRIO 100 ml;3
913;CARTILLA EXAMEN VISUAL ADULTO ALFANUMERICO;NULL
917;TIJERA MAYO CURVA 17 cm REF 08.161.17 DIMEDA;NULL
918;MASCARA OXIGENO PED. BIOLIFE;NULL
928;ERLENMEYER CUELLO ANGOSTO 250 ml;3
931;CLOTRIMAZOL 1% TOPICA x 40 g SCALPI;1
933;TIAMINA 300 mg CJA x 250 TAB. ECAR;1
939;SECNIDAL SUSP. 500 mg PEDIATRICO GENFAR;1
940;TINIDAZOL 500 mg x 8 TAB. GENFAR Uso Institucional;1
944;AZACTAM 1 g INYECTABLE Uso Institucional.;1
948;FLUCONAZOL 150 mg x 1 CAP. GENFAR;1
949;MACRODANTINA 100 mg x 40 CAP. Uso UROCCIDENTE;1
955;PINZA P.ROCHESTER RECTA 20 cm REF 12.310.20 DIMEDA;NULL
957;CANASTILLA 16 cm x 16 cm;NULL
959;ATROVENT AEROSOL HFA x 10 ml Uso Institucional (bromuro de Ipratropio);1
963;MARQUILLA R.NACIDOS x 100 NIÑAS (ROSADO);NULL
965;SEDA PERMAHAND K835H num 1 SH x 75 CM Gastrointest.;NULL
970;MECHA REPUESTO;NULL
972;LIMAS 1ª SERIE 15/40 en 31 mm MAILLEFER;2
974;CANULA OXIGENO ADULTO MEDITEC;2
978;ALSUCRAL 1 g x 20 TAB.;1
981;DIAFRAGMA PED. 5079-124 TYCOS;NULL
984;STERI-STRIP R1542 6 mm x 38 mm;2
988;BOTIQUIN MEDIANO SPORT 4680-05;NULL
989;BRONQUISOL UNGUENTO x 19 g;1
990;BOTIQUIN DE PARED 50 cm x 38 cm x 11 cm;3
991;CITROMEL x 310 ml;1
992;DIOXOGEN LIQUIDO x 120 ml;1
993;FILTRO NEBULIZADOR 5650 D;NULL
994;BRONQUISOL JARABE ADULTO x 120 ml;1
996;KOLA GRANULADA x 135 g;9
997;KOLA GRANULADA x 330 g;9
1000;"PAPEL KRAFT  9""";NULL
10005;BICARBONATO DE SODIO x 10 ml SCALPI (liq);1
1001;ELIXIR HIERRO Y COMPLEJO B x 310 ml;9
10013;TUBO ENDOTRAQUEAL 6.5 C/B PRECISION (liq);NULL
10014;TUBO ENDOTRAQUEAL 7.0 C/B PRECISION (liq);7
10015;TUBO ENDOTRAQUEAL 7.5 C/B PRECISION (liq);NULL
10016;TUBO ENDOTRAQUEAL 8.0 C/B PRECISION (liq);NULL
1003;ALGODON JGB ZIG-ZAG x  50 g;7
10032;PUNTA DE PAPEL num 15 NEW STETIC;NULL
10033;PUNTA DE PAPEL num 20 NEW STETIC;NULL
10034;PUNTA DE PAPEL num 25 NEW STETIC;NULL
10035;PUNTA DE PAPEL num 30 NEW STETIC;NULL
10036;PUNTA DE PAPEL num 35 NEW STETIC;NULL
10037;PUNTA DE PAPEL num 40 NEW STETIC;NULL
10038;PUNTA DE PAPEL num 45 NEW STETIC;NULL
10039;PUNTA DE PAPEL num 50 NEW STETIC;NULL
1004;ALGODON JGB ZIG-ZAG x 100 g;7
10040;PUNTA DE PAPEL num 55 NEW STETIC;NULL
10041;PUNTA DE PAPEL num 60 NEW STETIC;NULL
10046;ACRILICO POLVO TRANSP. AUTO. x 500 g NEW STETIC;NULL
10048;LIMAS PROTAPER F3 en 25 mm x 6 UND.;2
10049;LIMAS PROTAPER F4 en 25 mm x 6 UND.;2
1005;ALGODON JGB ZIG-ZAG x  25 g;7
10050;LIMAS PROTAPER F5 en 25 mm x 6 UND.;2
1006;BARRERA NIÑOS 125017 45 mm x 5 UND.;NULL
10067;JERINGA RESINA ESTHET-X x 3 g COLOR WO;2
10068;JERINGA RESINA ESTHET-X x 3 g COLOR B2;2
1007;BOLSA COLOST. 402532 38 mm x 10 UND.;NULL
10070;CIRCUITO BAIN COAXIAL C/V F01 CIRCF360 KING SYSTEMS;NULL
10071;MASCARILLA ANESTESIA num 3 TRANSP. LMi86-2004;NULL
10072;PEQUEÑIN EXTRAC. PLUS Sin Emp E-5 x 10 UND. 95180;5
10073;SLEEPING PARA THERMOTERAPIA. UND;NULL
10074;MANTA TERMICA CON TERMOSTATO. UND;NULL
10075;COPA SUECA PINES GRANDE Und.;NULL
1008;ALGODON JGB POMITOS x  40 g;7
10090;COPA SUECA MEDIANA Und.;NULL
10092;RODILLO MOLDEADOR MANO NUDOS Und.;NULL
10093;RODILLO ESTRIADO COLUMNA Und.;NULL
10094;RODILLO ESTRIADO MOLDEADOR CURVO Und.;NULL
10095;CARRO MASAJEADOR ESCUALIZABLE Und;NULL
10103;BAÑO SEROLOGICO WB-14 MEMMERT;NULL
10104;REFLEXOLOGICO PIES Und.;NULL
10105;TRANSFER PIPETA VARIABLE 100-1000 UL BOECO 9211100/9611100;NULL
10107;TRANSFER PIPETA VARIABLE 5-50 UL BOECO 9210050;NULL
10108;FLUOR GEL x  240 ml CHICLE - MAYORDENT;NULL
10109;FLUOR GEL x  500 ml CHICLE - MAYORDENT;NULL
10110;FLUOR GEL x  500 ml MELOCOTON - MAYORDENT;NULL
10112;BANDA MASAJEADORA - RELAJANTE Und.;NULL
10116;SOLUCION HARTMANN x 1000 ml BIOGEN;1
10118;PULPO MASAJEADOR Und.;NULL
10119;SILICONA SWISSTEC REGULAR BODY REF:4920 CART. x 50 ml (Adicion);NULL
10120;SILICONA SWISSTEC PUTTY SOFT REF:5510 POTE 2 x 150 ml (Adicion);NULL
10121;BLANQUEAMIENTO POLA OFFICE 35% REF:7700254 1 PACIENTE;NULL
10122;MANTA TERMICA P/EMERGENCIA FERNO;NULL
10124;KIT RELAJACION ANTIESTRES Und.;NULL
10126;SOLUCION S. NORMAL BIOGEN 0.9% x 1000 ml. (Liq);1
10128;KIT MADEROTERAPIA CORPORAL Und.;NULL
1013;"PAPEL KRAFT 12"" 136 MT";NULL
10133;KIT MADEROTERAPIA FACIAL BUSTO Und.;NULL
10136;ACIDO ACETILSALICILICO 100 mg x 30 TAB. SANOFI-GENFAR;1
10143;KIT ANTICELULITICO Und.;NULL
10144;CHAMPIÑON REMOVEDOR GRASA Und.;NULL
10145;PLACA PACIENTE 8149F ADU. x 5 UND. 3M (Unipolar);2
10146;POSTES TENAX TITANIO VERDE COLTENE;NULL
10152;INFUSOR 2C9961KP MULTIRATE BAXTER (300 ml 5,7,12 ml/h);2
10154;CLORFENIRAMINA 4 mg x 20 TAB. ECAR;1
10155;LOPERAMIDA 2 mg x 6 TAB. ECAR;1
10156;ACETILCISTEINA JARABE x 60 ml ECAR;1
10158;ACETILCISTEINA 600 mg x 30 SOB. ECAR;1
10161;CATETER CERTOFIX DUO PAED S508 VENOSO CENTRAL (5 Fr 8 cm);NULL
10166;BIPROFENID 150 mg x 10 COMP. (Ketoprofeno);1
1017;MICRONEBUL. C/MASC. WESTMED PEDIATRICO (311) (liq);NULL
10184;PAROXETINA 20 mg x 20 TAB. SANOFI - GENFAR;1
10187;LEUKOMED T  5 x 7.2 cm (Aposito Transparente);2
10188;LEUKOMED T 11 x 14 cm (Aposito Transparente);2
10189;MICRODYNE SOLUCION x 3.5 LT  (Yodo Controlado);1
1019;PINZA ADSON CON GARRA 12 cm DIMEDA REF 10.180.12;NULL
10194;RESU. AMBU PED. MERLIN MEDICAL W4454;NULL
10196;JERINGA B.D  20 ml Sin Aguja LISA 2 Partes 300296;7
10197;BRAZALETE TYCOS 5082-204-1;NULL
10198;BRAZALETE TYCOS 5082-821;NULL
1020;LAMPARA CUELLO CISNE;7
10203;INFUSOR 2C9960KP MULTIRATE BAXTER (300 ml 2,4,6 ml/h);2
10204;INFUSOR 2C1811KP con PCA BAXTER (Bomba Dolor 300 ml 5,7,12 ml/h);2
10217;REPOSICION POR GARANTIA;3
10227;REVISION;3
10233;MANTENIMIENTO PREVENTIVO  EQUIPO DE ORGANOS;3
10235;WESCOHEX RUB BOLSA X 850 ML (alcohol glicerinado);1
10236;VALVA DE MAYO 45 X 80 mm DIMEDA 18.765.45;NULL
10237;VALVA DE MAYO 80 X 90 mm DIMEDA 18.765.80;NULL
10238;ESPECULO NASAL VIENA NIÑOS num 2 DIMEDA 46.112.02;NULL
10240;CONECTOR DE SIMS DESDE 5 MM A 11 MM LM-86-2012;NULL
10243;ADHESIVO ONE COAT x 5 ml REF:7430 COLTENE;NULL
10245;FRESA DIAMANTE DIATECH 801-009ML REDONDA;NULL
10246;FRESA DIAMANTE DIATECH 801-010ML REDONDA;NULL
10247;FRESA DIAMANTE DIATECH 801-012ML REDONDA;NULL
10248;FRESA DIAMANTE DIATECH 801-014ML REDONDA;NULL
10249;FRESA DIAMANTE DIATECH 801-016ML REDONDA;NULL
1025;MESA DE NOCHE SENCILLA DOMETAL 181-10;3
10250;FRESA DIAMANTE DIATECH 801-018ML REDONDA;NULL
10251;FRESA DIAMANTE DIATECH 801-020ML REDONDA;NULL
10252;FRESA DIAMANTE DIATECH 801-023ML REDONDA;NULL
10253;FRESA DIAMANTE DIATECH 801-027ML REDONDA;NULL
10254;FRESA DIAMANTE DIATECH 805-012-0.9ML CONO INVERTIDO;NULL
10255;FRESA DIAMANTE DIATECH 805-014-1.4ML CONO INVERTIDO;NULL
10256;FRESA DIAMANTE DIATECH 368-016-3.5ML FOOTBALL;NULL
10257;FRESA DIAMANTE DIATECH 368-023-5ML FOOTBALL;NULL
10258;FRESA DIAMANTE DIATECH 379-016-3.5ML FOOTBALL;NULL
10259;FRESA DIAMANTE DIATECH 379-023-5ML FOOTBALL;NULL
10260;FRESA DIAMANTE DIATECH 830-012-2.7ML PERA;NULL
10262;FRESA DIAMANTE DIATECH 830L-012-4ML PERA;NULL
10263;FRESA DIAMANTE DIATECH 837-012-8ML CILINDRICA PLANA;NULL
10264;FRESA DIAMANTE DIATECH 835-010-4ML CILINDRICA PLANA;NULL
10265;FRESA DIAMANTE DIATECH 835-014-4ML CILINDRICA PLANA;NULL
10266;FRESA DIAMANTE DIATECH 836-012-6ML CILINDRICA PLANA;NULL
10267;FRESA DIAMANTE DIATECH 846-012-6ML TRONCOCONICA PLANA;NULL
10268;FRESA DIAMANTE DIATECH 846-018-7ML TRONCOCONICA PLANA;NULL
10269;FRESA DIAMANTE DIATECH 847-016-8ML TRONCOCONICA PLANA;NULL
1027;PORTA-HISTORIA DOMETAL 100-01;3
10270;FRESA DIAMANTE DIATECH 847-025-8ML TRONCOCONICA PLANA;NULL
10271;FRESA DIAMANTE DIATECH 848-018-10ML TRONCOCONICA PLANA;NULL
10272;FRESA DIAMANTE DIATECH 845-010-4ML TRONCOCONICA PLANA;NULL
10273;FRESA DIAMANTE DIATECH 853-008-3.5ML LLAMA;NULL
10274;FRESA DIAMANTE DIATECH 852-012-6ML LLAMA;NULL
10275;FRESA DIAMANTE DIATECH 852-016-6ML LLAMA;NULL
10276;FRESA DIAMANTE DIATECH 858-014-8ML LLAMA;NULL
10277;FRESA DIAMANTE DIATECH 859-014-10ML LLAMA;NULL
10278;FRESA DIAMANTE DIATECH 862-012-8ML LLAMA;NULL
10279;FRESA DIAMANTE DIATECH 862-016-8ML LLAMA;NULL
1028;CERA OSEA BONE WAX (control hemorragias oseas) REF. 1029754 BRAUN;7
10280;FRESA DIAMANTE DIATECH 863-016-10ML LLAMA;NULL
10281;FRESA DIAMANTE DIATECH 889-009-3.5ML LLAMA;NULL
10282;FRESA DIAMANTE DIATECH 392-018-8ML INTERPROXIMAL;NULL
10283;FRESA DIAMANTE DIATECH 885-012-8ML TORPEDO;NULL
10284;FRESA DIAMANTE DIATECH 885-014-8ML TORPEDO;NULL
10285;FRESA DIAMANTE DIATECH 886-016-10ML TORPEDO;NULL
10286;FRESA DIAMANTE DIATECH 878-012-8ML TORPEDO;NULL
10288;FRESA DIAMANTE DIATECH 878K-014-8ML TORPEDO;NULL
10289;FRESA DIAMANTE DIATECH 879K-014-10ML TORPEDO;NULL
10290;FRESA DIAMANTE DIATECH 856L-018-11MLX GRANO GRUESO;NULL
10291;FRESA DIAMANTE DIATECH 850-018-10MLX GRANO GRUESO;NULL
10292;FRESA DIAMANTE DIATECH 848-016-10MLX GRANO GRUESO;NULL
10293;FRESA DIAMANTE DIATECH 811-033-5MLX GRANO GRUESO;NULL
10294;FRESA DIAMANTE DIATECH 368-023-5MLX GRANO GRUESO;NULL
10295;FRESA DIAMANTE DIATECH 856-025-7MLX GRANO GRUESO;NULL
10296;FRESA DIAMANTE DIATECH 856-018-8MLX GRANO GRUESO;NULL
10297;FRESA DIAMANTE DIATECH 880-014-6MLX GRANO GRUESO;NULL
10298;FRESA DIAMANTE DIATECH 6051-018-6ML GRANO GRUESO;NULL
10299;FRESA DIAMANTE DIATECH 6052-018-8MLX GRANO GRUESO;NULL
10300;FRESA DIAMANTE DIATECH 6053-018-10MLX GRANO GRUESO;NULL
10302;FRESA DIAMANTE DIATECH 839-012ML CORTE ESPECIAL;NULL
10303;FRESA DIAMANTE DIATECH 838-010-4ML CHANFER;NULL
10304;FRESA DIAMANTE DIATECH 880-012-6ML CHANFER;NULL
10305;FRESA DIAMANTE DIATECH 880-014-6ML CHANFER;NULL
10306;FRESA DIAMANTE DIATECH 881-016-8ML CHANFER;NULL
10307;FRESA DIAMANTE DIATECH 882-014-10ML CHANFER;NULL
10308;FRESA DIAMANTE DIATECH 856-014-8ML CHANFER;NULL
10309;FRESA DIAMANTE DIATECH 856-018-8ML CHANFER;NULL
1031;SEDA QUIRURGICA num 2/0 x 100;2
10310;FRESA DIAMANTE DIATECH 856-021-9ML CHANFER;NULL
10311;FRESA DIAMANTE DIATECH 856L-018-11ML CHANFER;NULL
10312;FRESA DIAMANTE DIATECH 850-018-8ML CHANFER;NULL
10314;FRESA DIAMANTE DIATECH 850-016-10ML CHANFER;NULL
10315;FRESA DIAMANTE DIATECH 850-023-10ML CHANFER;NULL
10316;FRESA DIAMANTE DIATECH 850L-018-12ML CHANFER;NULL
10317;FRESA DIAMANTE DIATECH 849-016-4ML CHANFER;NULL
10318;FRESA DIAMANTE DIATECH 849-025-4ML CHANFER;NULL
10319;FRESA DIAMANTE DIATECH 856-025-7ML CHANFER;NULL
1032;SEDA QUIRURGICA num 3/0 x 100;2
10320;FRESA DIAMANTE DIATECH 847R-016-8ML TRONCOCONICA REDONDEADA;NULL
10321;FRESA DIAMANTE DIATECH 856-021-9F PULIDO FINO;NULL
10322;FRESA DIAMANTE DIATECH 850-018-10F PULIDO FINO;NULL
10323;FRESA DIAMANTE DIATECH 845-012-4F PULIDO FINO;NULL
10325;FRESA DIAMANTE DIATECH 847R-016-8F PULIDO FINO;NULL
10326;FRESA DIAMANTE DIATECH 835R-010-4F PULIDO FINO;NULL
10327;FRESA DIAMANTE DIATECH 835R-014-4F PULIDO FINO;NULL
10328;FRESA DIAMANTE DIATECH 836R-014-6F PULIDO FINO;NULL
10329;FRESA DIAMANTE DIATECH 856-014-8F PULIDO FINO;NULL
1033;SEDA QUIRURGICA num 4/0 x 100.;2
10330;FRESA DIAMANTE DIATECH 877-010-6F PULIDO FINO;NULL
10331;FRESA DIAMANTE DIATECH 878-010-8F PULIDO FINO;NULL
10332;FRESA DIAMANTE DIATECH 879-014-10F PULIDO FINO;NULL
10333;FRESA DIAMANTE DIATECH 801-018F PULIDO FINO;NULL
10334;FRESA DIAMANTE DIATECH 368-016-3.5F PULIDO FINO;NULL
10335;FRESA DIAMANTE DIATECH 368-023-5F PULIDO FINO;NULL
10336;FRESA DIAMANTE DIATECH 379-023-5F PULIDO FINO;NULL
10337;FRESA DIAMANTE DIATECH 392-016-8F PULIDO FINO;NULL
10338;FRESA DIAMANTE DIATECH 862-014-8F PULIDO FINO;NULL
10339;FRESA DIAMANTE DIATECH 889-009-3.5F PULIDO FINO;NULL
1034;SEDA QUIRURGICA num 5/0 x 100.;2
10340;FRESA DIAMANTE DIATECH 881-012-8F PULIDO FINO;NULL
10341;FRESA DIAMANTE DIATECH 852-016-6F PULIDO FINO;NULL
10342;FRESA DIAMANTE DIATECH 858-012-8F PULIDO FINO;NULL
10343;FRESA DIAMANTE DIATECH 859-014-10F PULIDO FINO;NULL
10344;FRESA DIAMANTE DIATECH 835R-010-4ML CILINDRICA REDONDEADA;NULL
10345;FRESA DIAMANTE DIATECH 835R-014-4ML CILINDRICA REDONDEADA;NULL
10346;FRESA DIAMANTE DIATECH 836R-010-6ML CILINDRICA REDONDEADA;NULL
10347;FRESA DIAMANTE DIATECH 836R-012-6ML CILINDRICA REDONDEADA;NULL
10348;FRESA DIAMANTE DIATECH 836R-014-6ML CILINDRICA REDONDEADA;NULL
10349;FRESA DIAMANTE DIATECH 837R-014-8ML CILINDRICA REDONDEADA;NULL
1035;SEDA QUIRURGICA num 6/0 x 100.;2
10350;FRESA DIAMANTE DIATECH 830L-012-4XF PULIDO EXTRAFINO;NULL
10351;FRESA DIAMANTE DIATECH 853-008-3.5XF PULIDO EXTRAFINO;NULL
10354;FRESA DIAMANTE DIATECH 862-016-8XF PULIDO EXTRAFINO;NULL
10355;FRESA DIAMANTE DIATECH 863-016-10XF PULIDO EXTRAFINO;NULL
10356;FRESA DIAMANTE DIATECH 889-009-3.5XF PULIDO EXTRAFINO;NULL
10357;FRESA DIAMANTE DIATECH 801-018XF PULIDO EXTRAFINO;NULL
10359;FRESA DIAMANTE DIATECH 368-023-5XF PULIDO EXTRAFINO;NULL
1036;SEDA QUIRURGICA num 1 x 50.;2
10360;FRESA DIAMANTE DIATECH 379-023-5XF PULIDO EXTRAFINO;NULL
10361;FRESA DIAMANTE DIATECH 801-018UF PULIDO ULTRAFINO;NULL
10362;FRESA DIAMANTE DIATECH 368-016-3.5UF PULIDO ULTRAFINO;NULL
10364;FRESA DIAMANTE DIATECH 852-016-6UF PULIDO ULTRAFINO;NULL
10365;FRESA DIAMANTE DIATECH 862-016-8UF PULIDO ULTRAFINO;NULL
1037;SEDA QUIRURGICA num 0 x 50.;2
10374;MANTENIMIENTO CORRECTIVO EQUIPO DE ORGANOS;3
10375;MANTENIMIENTO CORRECTIVO OFTALMOSCOPIO;3
1038;SEDA QUIRURGICA num 2 x 50.;2
10384;TERMOM. DIGITAL DE OIDO OMRON MC-510;NULL
10388;PORTA AGUJAS MAYO HEGAR 18 CMS REF 24.184.18 DIMEDA;NULL
10394;MANTENIMIENTO PREVENTIVO BALANZA;3
10396;DUODERM GEL x 15 g 187990;NULL
10397;LACTINOSOTRAS  x 12 PROTECTORES44017;5
10398;RESU. AMBU ADULTO. MERLIN MEDICAL W44525;NULL
1040;SEDA QUIRURGICA num 2 x 25.;2
10401;"GUANTE VERDE-MENTA ALLMED ""X-S"" TEXTURIZADO";3
10402;"GUANTE VERDE-MENTA ALLMED ""MEDIANO"" TEXTURIZADO";NULL
10403;"GUANTE VERDE-MENTA ALLMED ""LARGE"" TEXTURIZADO";NULL
10404;"GUANTE NITRILO ALLMED ""MEDIANO"" MICROTEXTURIZADO";3
10405;"GUANTE NITRILO ALLMED ""LARGE"" MICROTEXTURIZADO";3
10406;"GUANTE NITRILO ALLMED ""PEQUEÑO"" MICROTEXTURIZADO";3
1041;SEDA QUIRURGICA num 1 x 25;2
1042;SEDA QUIRURGICA num 0 x 25;2
10424;PAPEL MONITOR FETAL BIOCARE FM-801 en Z (100 x 110 mm);NULL
10426;MANTENIMIENTO CORRECTIVO ESTERILIZADOR;3
10427;MANTENIMIENTO CORRECTIVO FONENDO;3
10428;MANTENIMIENTO PREVENTIVO OTOSCOPIO;3
1043;SEDA QUIRURGICA num 2/0 x 25;2
10436;PIEZO SCALER BIOSONIC S1;NULL
10438;FLUOR PROTECTOR KIT 4 FRASCOS x 0.4 ml IVOCLAR VIVADENT;NULL
10443;CAUCHO ADAPTADOR PORTATUBO x 12 UND. REF:420943 CLAY ADAMS;3
10452;SYSTEMP INLAY JERINGA x 2.5 g IVOCLAR VIVADENT;NULL
10454;DIPIRONA 1 g x 2 ml SCALPI X AMP;1
10455;TRANSFORMADOR W.A. 3.5V REF. 77710 PARED (ANTES 76710);7
1046;SEDA QUIRURGICA num 5/0 x 25;2
10464;"TIJERA PARA IRIS RECTA 4"" MILTEX 5-300";NULL
10468;"PINZA DISECCION BROWN ADSON 4"" 3/4 7 x 7 DIENTES MANGO FENESTRADO MILTEX 6-124 XL";NULL
1047;SEDA QUIRURGICA num 6/0 x 25.;2
10471;GANCHO SENCILLO JOSEPH 2 mm MILTEX 21-153;NULL
10472;"TIJERA BABY METZENBAUM CURVA 5"" MILTEX 5-284";NULL
10473;"PINZA PARA IRIS RECTA 4"" ASERRADA DELICADA MILTEX 18-780";NULL
10479;ESPECULO NASAL VIENA ADULTO DIMEDA 46.112.03;NULL
10480;PINZA BAYONETA DE NARIZ DIMEDA 44.206.18;NULL
10481;PINZA CUERPO EXTRAÑO DE NARIZ DIMEDA 46.161.1;NULL
10482;PINZA CUERPO EXTRAÑO DE OIDO DIMEDA 44.241.12;NULL
10483;PINZA RELOJERO RECTA 10.330.12 DIMEDA;NULL
10486;TIJERA WESCOTT DIMEDA 09.104.11;NULL
10487;PORTA AGUJAS CASTROVIEJO CON CERRADURA DIMEDA 24.671.14;NULL
10489;RASPAS NASALES DIMEDA 46.520.21;NULL
10492;RETRACTOR DE ALA NASAL AUFRICHT DIMEDA 46.551.16;NULL
10493;DERMATOMO MANUAL DIMEDA 06.490.00;NULL
10497;CONDON MYSTIC ULTRASENSIBLE x 3 UND. JGB;NULL
1050;MARQUILLA IDENTIF. ADULTO x 100 UND.;NULL
10506;OXIMETRO DE PULSO HUNTLEIGH REF:MP1R;NULL
10519;"JERINGA RYMCO INSULINA (1 ml) UI 100 26 x 1/2""";2
10521;PAPEL ELECTROCARD 80 x 20 mts;NULL
10522;CANULA OXIGENO ADULTO 7 mt REF 1812 HUDSON;7
10524;PREPODYNE SCRUB x 120 ML.BOLSA Iodopovidona;1
10525;PREPODYNE SOLUCION x 120 ML.BOLSA Iodopovidona;1
10526;WESCOHEX x 120 ml BOLSA (Jabon con Clorhexidina 4%);1
10531;SACABOCADO DERMATOLOGICO KEYES CAT 74.138.00;7
10533;PEQUEÑIN EXTRAC. PLUS Sin Emp E-1 x 10 UND.95110;5
10536;TOALLITA RECIEN NACIDO PEQUEÑIN X 40;5
10537;TOALLITA RECIEN NACIDO PEQUEÑIN X 80;5
10538;"CORTA ANILLOS ""STARMEDICAL""";NULL
1054;CEMENTO CALIBRA CATALIZADOR REGULAR JERINGA x 2 g DENTSPLY;2
1055;MANGO LARINGO. W.A. 60813 F.OPTICA;7
10555;CANULA TRAQUEOSTOMIA PLASTICA S/B LM num 3.0 Euromedical;NULL
1056;BACTRODERM ESPUMA GALON 3.5 LT. ECAR Institucional yodopovidona;1
10569;TRIMEBUTINA 200 mg x 20 TAB PENTACOOP;1
10570;PIROXICAM 20 mg x 10 CAP PENTACOOP;1
10575;PINZA MOSQUITO RECTA HALSTED MICRO 12.222.12 DIMEDA;NULL
10576;PINZA MOSQUITO CURVA HALSTED MICRO 12.223.12 DIMEDA;NULL
10578;KEYES TREPANO 3 mm 74.140.03 DIMEDA;NULL
1058;TRIMESULF SUSP. 200/40 mg x  60 ml;1
10580;GASA ESTERIL 15 x 15 cm x 12 SOB. NEXCARE (No Tejida);NULL
10584;BACTRODERM GEL ANTIBACTERIAL 490 ml (Alcohol Glicerinado) FCO ECAR Uso Institucional;5
10585;SURGITIP MICRO x 20 CANULAS REF:462012 ROEKO;NULL
10586;BABERO SIMPLEX PLUS MAXI REF:647102-01 ROLLO x 80;NULL
1060;ENSURE PLUS HN LPC x 1 LITRO;4
10600;LUXA TEMP JERINGA x 15 g;NULL
10601;TEGADERM 1624W 6 cm x 7 cm x 5 UND. (APÓSITO TRANSPARENTE);7
10614;PINZA MOSQUITO RECTA BABY 10 cm DIMEDA 12.210.10;NULL
10615;CARBIDOPA LEVODOPA 25/250 mg x 30 TAB. SANOFI - GENFAR;1
10635;ASPIRADOR PORTATIL THOMAS 1630 GL (FRASCO DE VIDRIO x 800 ML);NULL
10636;CURAS COMFORT x 100 UND. NEXCARE;NULL
10637;PREPODYNE SOLUCION x 500 ml + valvula nebulizadora;1
10645;POSICIONADOR XCP EVOLUTION 2000 DENTSPLY REF:54-2001;2
10646;PREPODYNE SOLUCION x 30 ml;1
10649;"TIJERA ""STEVENS"" CURVA 11 cm Punta aguda tenotomia REF 08.361.11 DIMEDA";NULL
10651;FLEXI-SEAL KIT SIST. MANEJO FECAL;NULL
10652;BOLSA RECOLECCION X 10 FLEXI-SEAL;NULL
10658;TERBUROP GOTAS 1% x  5 ml Uso Institucional (Terbutalina);1
10662;TUBERIA CORRUGADA x 30 mt 63-505 GLOBAL HEALTHCARE;NULL
10663;MICRONEBUL. C/MASC. GHC ADULTO 63-510 GLOBAL HEALTHCARE;7
10664;MICRONEBUL. C/MASC. GHC PED. 63-560A GLOBAL HEALTHCARE;NULL
10665;CANULA OXIGENO GHC ADULTO 63-444-445 GLOBAL HEALTHCARE;NULL
10666;CANULA OXIGENO GHC PED. 63-443 GLOBAL HEALTHCARE;NULL
10667;"EQ. ADMON. MACROGOTEO CON SITIO ""Y"" S/A GHC 81-012 GLOBAL HEALTHCARE";NULL
10668;"EQ. ADMON. MICROGOTEO S/A CON SITIO ""Y"" GHC 81-014 GLOBAL HEALTHCARE";NULL
10674;DIPIRONA 1 g/2 ml x 20 AMP. GENFAR;1
10676;METOCLOPRAMIDA 10 mg x 2 ml x 20 AMP. GENFAR;1
1068;RESERVORIO JACKSON-PRATT 100 ml SU130-1305;NULL
10682;GASA MEDICAL SUPPLIES 1 x 1 YARDA (liq);2
10683;GASA MEDICAL SUPPLIES 5 x 1/2 YARDA (liq);2
10684;GASA MEDICAL SUPPLIES 5 x 1 YARDA (liq);2
10685;"ALGODON LAMINADO 3""x 5 yd MEDICAL SUPPLIES";2
10686;"ALGODON LAMINADO 4"" x 5 yd MEDICAL SUPPLIES";2
10687;"ALGODON LAMINADO 5""x 5 yd MEDICAL SUPPLIES";2
10688;"ALGODON LAMINADO 6"" x 5 yd MEDICAL SUPPLIES";2
10689;"VENDA ELASTICA MEDICAL SUPPLIES 3"" X 5 C/BLANCO";2
1069;DRENAJE PLANO 10 mm SU130-1311 JACKSON PRATT SILICONA;NULL
10690;"VENDA ELASTICA MEDICAL SUPPLIES 4"" X 5 C/BLANCO";2
10691;"VENDA ELASTICA MEDICAL SUPPLIES 5"" X 5 C/BLANCO";2
10692;"VENDA ELASTICA MEDICAL SUPPLIES 6"" X 5 C/BLANCO";2
10694;"GASA ESTERIL 3"" x 3"" x 3 UND. MEDICAL SUPPLIES (Liq)";2
10710;VICRYL RAPIDE VR9923G num 3/0 PS2 x 75 CM Plastica;NULL
10711;ESPATULA PLASTICA 1 EXTREMO;NULL
10724;PEQUEÑIN NATURAL E-1 x 30 UND   Sin Emp. Ind. 98220;5
10725;PEQUEÑIN NATURAL E-2 x 30 UND   Sin Emp. Ind. 98230;5
10726;PEQUEÑIN NATURAL E-3 x 30 UND   Sin Emp. Ind. 98240;5
10727;PEQUEÑIN NATURAL E-4 x 30 UND   Sin Emp. Ind. 98250;5
10728;PEQUEÑIN NATURAL E-5 x 30 UND   Sin Emp. Ind. 98260;5
10736;CABLE PARA TENS;NULL
10737;JALEA ULTRASONIDO CONDUGEL GALON (Ecografia) Transparente;NULL
10738;JALEA ULTRASONIDO CONDUGEL 240 c.c. (Ecografia) Transparente;NULL
10739;QUIRUCIDAL JABON x 1000 ml (Clorhexidina) CON VALVULA;1
10741;CANDADO PLASTICO P/CARRO DE PARO X 100 UNID.;3
10766;TENSIOM. WELCRO ADU. GCDE310204 AZUL;NULL
1077;CUBETA EN ACERO num 2 (31 x 15 x 4) ACERQUIRURGICOS;NULL
10781;MASCARILLA PARA POLVO ALTA PROTECCION BLANCA ALLMED;NULL
10783;TUBO ENDOTRAQUEAL 6.5 C/B ALLMED;3
10784;TUBO ENDOTRAQUEAL 7.0 C/B ALLMED;3
10785;TUBO ENDOTRAQUEAL 7.5 C/B ALLMED;3
10786;TUBO ENDOTRAQUEAL 8.0 C/B ALLMED;3
10787;TUBO ENDOTRAQUEAL 8.5 C/B ALLMED;3
10789;MASCARA LARINGEA SILICONA num 2.0 ALLMED;3
10790;MASCARA LARINGEA SILICONA num 3.0 ALLMED;3
10791;MASCARA LARINGEA SILICONA num 4.0 ALLMED;3
10792;MASCARA LARINGEA SILICONA num 5.0 ALLMED;3
10793;ESTILETE P/INTUBACION PED.  6 FR ALLMED;3
10794;ESTILETE P/INTUBACION ADU. 14 FR ALLMED;3
10798;"SISTEMA DRENAJE HERIDAS 1/4"" ALLMED";3
10799;"SISTEMA DRENAJE HERIDAS 1/8"" ALLMED";3
1080;ALGODONERA EN ACERO (10 x 6.5) ACERQUIRURGICOS;NULL
10800;"SISTEMA DRENAJE HERIDAS 3/16"" ALLMED";3
10805;LANCETAS METALICAS ALLMED x 200 UND.;3
10809;TERMOMETRO DIGITAL DOCTOR INSTRUMENTS;3
10810;BAJALENGUAS x 500 (INT. 25) ALLMED;NULL
10812;BAJALENGUAS x 20 ADULTO ALLMED;NULL
10813;TARJETA DE CONTROL SUNDARB;NULL
10814;PANEL DIGITAL SUNDARB;NULL
10817;BUPIROP 0.5% PESADO x 24/4 ml Ampoulepack;1
10819;HOJA LARINGO. LUZ HALOGENA RECTA num 00 68045 W.A.;NULL
1083;ALGODONERA EN ACERO num 2A (12 x 12) ACERQUIRURGICOS;NULL
1084;ALGODONERA EN ACERO num 2B (12 x 24) ACERQUIRURGICOS;NULL
10853;ACCU-CHEK PERFORMA x 50 TIRAS;NULL
10855;TUBO TRAMPA PARA RECOLECCION DE SECRECIONES 40 cm ref 406 LM (24);NULL
1086;PORTA PELICULA CARTON x 14 QUIRUDENT;NULL
10860;EQUIPO MACRO S/A CORPAUL;NULL
10863;TOALLITA HUMEDA PEQUEÑIN x 80 UND. 31156 (SENSITIVE);2
10865;FAJA LUMBOSACRA TIPO CAMP  -M- KM 005;NULL
10867;"PINZA DISECCION BAKEY 6"" MILTEX 24-570";NULL
10877;BOLSA (RESERVORIO) MERLIN REF 4441/2 PED/ADULTO;NULL
10878;FRASCO CON TAPA PLAST 800 ml RF620133 THOMAS PARA SUCC 1210-1615 ref 01006303;NULL
10879;BOMBILLO  W.A. 08500-U LAMP. FRONTAL 20520;NULL
10880;RC-PREP PREMIER JERINGA x 9 g (QUELANTE);NULL
10887;PAPEL ELECTRO H.P M 2481A EN Z 28 x 22cm;NULL
10889;BOMBILLO PARA OTOSCOPIO SURGIMED;NULL
10892;MONITOR PERDIDA GRASA CORPORAL OMRON HBF-306;NULL
10893;PODOMETRO SENSOR ACELERACION OMRON HJ-150;NULL
10895;HOJA LARINGO. FIBRA OPTICA RECTA num 00 68065 W.A.;7
10899;TARJETA DE CONTROL PARA SUCCIONADOR PORTATIL 7ED;NULL
1090;BANDEJA PARA CIDEX REF:82027 66x14x13 cm;NULL
10909;SEPARADOR WEITLANER AUTORRETENTIVO CAT. 18.670.16;NULL
10911;MICRO PINZA 12 cm RECTA CAT. 11.102.12 DIMEDA;NULL
10912;PINZA ADSON MICRO S/G 12 cm CAT. 10.176.12 DIMEDA;NULL
10913;PINZA ADSON MICRO C/G 12 cm CAT: 10.186.12;NULL
10914;TIJERA LITAUER PARA RETIRO DE PUNTOS 14 cm CAT 08.804.14 DIMEDA;NULL
10919;PINZA JONES PARA SUJETAR CAMPOS 9 cm CAT: 14.103.09 DIMEDA;NULL
10924;TAPON IN ALLMED;3
10925;SENSOR DE TEMPERATURA GUOTENG;NULL
10926;SENSOR DE OXIMETRIA GUOTENG;NULL
10929;CHEMO MINI SPIKE PLUS ROJO REF:4550340 BRAUN;NULL
10930;PINZA MOSQUITO CURVA HALSTED S/GARRA DE 14 cm CAT: 12.221.;NULL
10939;INHALOCAMARA PEDIATRICA BIOLIFE;NULL
10940;INHALOCAMARA ADULTO BIOLIFE;NULL
10941;PORTA AGUJAS HALSEY 13 cm SIN ESTRIAS 24.130.13 DIMEDA;NULL
10942;CATETER SONDA NELATON num  4 MEDITEC (Vesical-Uretral);2
10949;FENITOINA 250mg/5ml x AMP. RYAN (100);1
10951;SULFAPLATA CREMA x 100 g Uso Institucional;1
10957;SOLUCION HARTMANN x  250 ml ARB2322;1
10958;MALLA HERNIA ULTRAPRO UHSM1 MEDIANA;7
10959;BETAMETASONA CREMA X 40 gr PENTACOOP;1
10961;SOPORTE ARO RECOLECTOR PLAS.ON, ALLMED. 1.5 - 2.9 - 3.0 LT.;NULL
10962;ALMOHADILLA METATARSO 404001 L/XL;NULL
10963;ALMOHADILLA METATARSO 404000 S/M;NULL
10965;PINZA DISECCION C/GARRA 6-148;NULL
10969;CANULA YANKAUER PLASTICA MEDITEC;2
10972;PIELOGRAF 76% x 50 ml;1
10973;DILATADOR UTERINO HEGAR 70.420.13 DIMEDA;NULL
10975;PAÑO HUMEDO FLAT PACK P50 LL70  PEQUEÑIN ORIG. 31342 / 31257;5
10979;BETAMETASONA 4 mg x 10 AMP/1 ml GENFAR;1
10980;BETAMETASONA 8 mg x 10 AMP/2 ml GENFAR;1
10983;ENALAPRIL 20 mg x 20 TAB. PENTACOOP;1
10986;ENALAPRIL 5 MG X 50 TAB PENTACOOP;1
10988;SULFAPLATA CREMA x  60 g;1
10997;AGITADOR VORTEX V1 PLUS BOECO REF:BOE8055100;NULL
10998;COMPRESA 0337 45 x 45 x 50 UNID SHERL7EG/6 PLIEGUES NO ESTERIL;7
10999;MANTENIMIENTO CORRECTIVO TENSIOMETRO;3
1100;COPA PARA DROGA EN ACERO;NULL
1101;VICRYL J168H num 1 CP35 x 70 CM Ortopedia;NULL
11016;CURETA BUCK CERUMEN Nº 1 44.115.01 DIMEDA;NULL
11017;SURECAN ALAS G-20 x 30 mm;NULL
11018;PLANTILLA P/ESPOLON CALCANEO TALLA L 71303;NULL
1102;TIJERA METZEMBAUM CURVA 15 cm REF 08.281.15 DIMEDA;NULL
11022;"GUANTE LATEX LISO ALLMED ""GRANDE""";3
11023;"GUANTE LATEX LISO ALLMED ""MEDIANO""";3
11024;"GUANTE LATEX LISO ALLMED ""PEQUEÑO""";3
11025;"GUANTE LATEX LISO ALLMED ""EXTRA PEQUEÑO""";3
11033;COMPRESA 5105 45 x 45 x 50 UND. SHERLEG manija azul prelavada;NULL
11036;MAGNETOS PARA ACUPUNTURA x 100 UND (BALINES);NULL
11043;PEPTAMEN ULTRAPAK x 1000 ml 2L2804;4
11044;EQ. ENTERAL FIX PARA BOMBA INFUSOMAT P REF: 702111 / 402111P BRAUN;NULL
11045;EQ. INTRAFIX AIR FOTOSENSIBLE REF:701784 - 441723P BRAUN;NULL
11053;SEPARADOR DEAVER 38 MM ANCHO 300 MM 18.187.38;NULL
11057;ADRENALINA 1 mg x 1 ml (EPINEFRINA) RYAN;1
11063;CANULA TRAQUEOSTOMIA TRACOE TWIST C/B ADT 8 FENESTRADA REF 302-08;NULL
11067;ALCOHOL 70% ENV. PLAS. x 120 ml JGB;1
1107;DEXTROSA  5% AGUA x  500 ml ARB0063;1
11074;ESPECULO VAGINAL GRANDE miltex 30-20;NULL
11077;CATETER CERTOFIX DUO PAED S413 VENOSO CENTRAL (4 Fr 13 cm);NULL
1108;DEXTROSA  5% S.S 0.9% x 500 ml ARB1063;1
11084;DEXAMETASONA 4 mg x 1 ml x 5 AMP dexablas BLASKOV;1
1109;SOLUCION SALINA NORMAL 0.9% x 500 ml ARB1323 (cloruro de sodio);1
1110;SOLUCION HARTMANN x  500 ml ARB2323;1
11108;MAR EXF GEL EXFOLIANTE CON ALGAS x 500 cc estetica (Varios Sabores);NULL
1111;ROXICAINA 2% SIMPLE x 50 ml;1
11110;CELUMAR GEL ANTICELULITICO ALGAS PARDAS x 500 cc estetica;NULL
11113;MASCARILLA GEL EXFOLIANTE FACIAL x 230 cc estetica;NULL
1112;ROXICAINA 2% C/EPINEF. x 50 ml;1
11120;PUNTAS MEZCLADORAS LUXA TEMP;NULL
11125;LAMPARA FOTOCURADO BLUEPHASE REF:562249BU IVOCLAR VIVADENT;NULL
11127;LAMPARA FOTOCURADO BLUEPHASE C8 REF:591354 IVOCLAR VIVADENT;NULL
11129;FAJA LUMBAR -L- KM037;NULL
1113;ROXICAINA 1% SIMPLE x 50 ml;1
11135;RESINA TETRIC CERAM HB B2 JERINGA x 4 g POSTERIORES IVOCLAR VIVADENT;NULL
11138;SELLANTE HELIOSEAL F JERINGA x 1.25 g IVOCLAR VIVADENT;NULL
1114;ROXICAINA 10% ATOMIZADOR;1
11157;"TIJERA PARA IRIS RECTA 4 1/2"" MILTEX 5-304";NULL
11159;DILATADOR UTERINO HEGAR 70.420.07 PUNTA CONICA 7/8 DIMEDA;NULL
1116;ROXICAINA JALEA x 30 g;1
11160;DILATADOR UTERINO HEGAR 70.420.09 PUNTA CONICA 9/10 DIMEDA;NULL
11167;SURGIPRO 1 30 BLUE GS-21 CP425;7
11168;SURGIPRO* II BL 3/0 18 P-14 SP5663;7
11169;SURGIPRO II* 4/0 18 BLUE P-12 SP5682;7
1117;ROXICAINA POMADA 5% x 10 g;1
11170;POLYSORB 1 36 VIOLET GS-21 CL925;NULL
1118;TRIMETOPRIM SULFA F 160/800 mg x 100 TAB. GENFAR Uso Institucional;1
11181;HISTEROMETRO SIMS GRADUADO MALEABLE 32 cm DIMEDA REF 70.581.32;NULL
11190;OF. MANGO P/ESPEJO BUCAL MAILLEFER P.2 LL.3;2
11194;ACIDO FOLICO 1 mg CAJA x 250 TAB. ECAR;1
11195;SULFATO FERROSO 200 mg x 250 TAB. ECAR;1
1120;BUPIROP 0.5% SIMPLE x 20 ml VIDRIO (Bupivacaina);1
11205;"SEPARADOR SENN 6 3/8"" Doble agudo MILTEX 11-74";NULL
1121;BUPIROP 0.5% C/EPINEF. x 20 ml;1
11214;RESU. AMBU NEONATO MERLIN MEDICAL REF 4456;NULL
1122;CUELLO TIPO PHILADELFIA -S- KM053;NULL
11221;OF. PREPACK CONDON DUO x 3 UND. P.20 LL.24 SURTIDO;2
11224;PLANTILLA P/ESPOLON CALCANEO TALLA M 71302;NULL
11226;"HIDROXICINA 25 MG CAJA X 20 TABLETAS ""Uso Institucional"" GENFAR";1
11229;TUBO SUCCION SILASTIC x 15 mt 68-080-30 8 x 14 mm;NULL
11230;GANCHO MILTEX 23-1051;NULL
11231;GANCHO MILTEX 21-85;NULL
11232;"TIJERA P. TENOTOMIA STEVENS CURVA 4 1/2"" 18-1476 ROMA LARGA MILTEX";NULL
11233;GANCHO DOBLE JOSEPH 10 MM 21-160 MILTEX;NULL
11234;"TIJERA FOMON 5 1/2"" ANGULADA 21-604 MILTEX";NULL
11235;TIJERA P. PUNTOS LITAUER 9-104 MILTEX;NULL
11236;PORTA AGUJAS MILTEX 8-8 17.5 cm;NULL
11237;"TIJERA P. PUNTOS O`BRIEN 3 3/4"" ANGULADA MILTEX 9-110";NULL
1124;"SURGICEL 2"" x 14"" 5.0 x 36 CM x 12 Und 1951 Hemostatico Absorbible";NULL
1125;PAX NOCHE PANELA LIMON x 24 SOBRES;1
11263;CARGADOR UNIVERSAL W.A. REF 71140;NULL
1127;ZAPATON PARA YESO num 38;NULL
1131;CYSTOFLO ADULTO x 2000 ml MRD2926P;2
1133;ROXICAINA 1% C/EPINEF. x 50 ml;1
1134;NUTRIFLO BOLSA NUTRICION ENTERAL 1.5 LT. BRD0202P;7
1135;CAPROFYL CF203T num 4/0 RB1 x 70 CM Gastrointest. (= CATGUT U203T num 4/0);7
11362;GLUCERNA x 8 Oz Botella Plastica VAINILLA (237 ml);4
11366;ENSURE POLVO x 400 gr FRESA PREBIOTICOS FOS & INULINA Uso Institucional;1
11368;GLUCERNA SR x 8 Oz FRESA;1
11387;SERVICIO DOMICILIO;3
11388;FLETE CLIENTE;3
1140;PAPEL ELECTRO 50 mm x 30 mt;NULL
11432;POMY`S FAMILIA PAQ. X 30 UNID.;5
11433;PAÑO HUMEDO FAMILIA PORTABLE PAQ X10 UNID.;5
11434;TOALLITA HUMEDA DESMAQUILLADORA PAQ X 30 UNID;5
11441;CERROKAST 10 mg x 15 TAB. MAST. (Montelukast);1
11444;TVT - SISTEMA DE SUSPENSION VIA OBTURADOR REF:810081;NULL
11445;ARNES AUTOCLAVABLE ADU. SUN MED PARA MASCARILLAS;NULL
11448;RESINA BRILLIANT BLEACH (SUPER WHITE) x 4 g COLTENE;NULL
11450;FORCEPS num  69 MEDIS-SUPERDEM;NULL
11451;CORDARONE 200 mg x 10 COMP. Uso Institucional (Amiodarona Clorhidrato);1
11452;TRIMETOPRIM SULFA 80/400 mg x 100 TAB. GENFAR Uso Institucional;1
11453;KIT ESTERILIZACION ODONTOLOGICO 3M Ref 118 a vapor 4 indicador (20 - 1262, 100 - 1243a, 1 - 1222);NULL
11466;BRAZALETE H003D EXTRA GRANDE OMRON;NULL
11469;COMPRESA 5105 45 x 45 x 100 UND. SHERLEG manija azul prelavada;NULL
11475;DILATADOR UTERINO HEGAR 70.420.05 PUNTA CONICA 5/6 DIMEDA;NULL
11478;CAMILLA RECUPERACION 2 PLANOS SEMINEUMATICA PLATO SUP. PINTADO 141-12;2
11480;JUEGO DE CONIOTOMIA ADT QUICKTRACH 30-04-004-1;NULL
11481;SISTEMA DE DRENAJE PLEURAL 2 CAMARAS 1.150 ml BIOMETRIX NC-33110;NULL
11482;ADAPTADOR EN T P/OXIGENOTERAPIA 22/15, 22 OD, 22/18 mm 86-961;NULL
1149;"EQ. IRRIGACION ""Y"" TUR ARC4005P";2
11501;ACCESORIOS PARA PRODUCTOS REFRIGERADOS;3
11503;AGUJA ENDODONCIA RYMCO 27 x 1.5 SIN BISEL x 100 UND.;2
11508;CAUCHO ASPIRADOR 7 x 11 mm LATEX MEDITEC;2
1151;FRESA DE PEESO num 1 MAILLEFER x UND;2
11510;DOLEX DURAMAX x 100 tab. + TABLETAS DE LIBERACION PROLONGADA;1
11511;DETECTOR FETAL HUNTLEINGH D-920 (DOPPLER) + pila recargable;NULL
11512;DILATADOR UTERINO HEGAR 70.425.08 x 8 PIEZAS DIMEDA;NULL
11551;TUBO LARINGEO LTS II num 4 SILICONA 2 BALONES VBM 32-05-004;NULL
11553;TIJERA PUNTA ROMO-AGUDA RECTA 6 1/2 MILTEX 5-18;NULL
11554;DEXAMETASONA 4 mg x 1 ml INY. GENFAR;1
1161;AGUJA CORTANTE 211 num 9 PAQUETE x 12 Unid;7

